Tweet,Sentiment,Confidence,Engagement Score,City,Lat,Lon
"Three batters 400+ runs each. Only one team in IPL 2026 .
SRH batting supremacy Orange Army rn :",Neutral,0.84,3542,Mumbai,19.076,72.8777
"WICKET! | IPL 2026 Punjab Kings: 23/3 (3.2 Ov)
Shreyas Iyer c Pat Cummins b Eshan Malinga — 5(5)

Who do you think bats next? Let us know.

Live scores & news: https:// criclegacy.com #IPL2026 #TATAIPL #Cricket #IPL #CricketTwitter #SRHvsPBKS #SRH #SunrisersHyderabad #PBKS",Neutral,0.9,4988,London,51.5074,-0.1278
IPL 2026 : Fans brutally troll Shashank Singh as he drops a sitter during SRH vs PBKS clash,Negative,0.55,938,Bangalore,12.9716,77.5946
"LSG vs RCB Live Streaming in USA - When and Where to Watch IPL 2026 ?

Read: https:// timesofsports.com/cricket/ipl/20 26-lsg-vs-rcb-live-streaming-in-usa/ … #IPL2026 #LSGvsRCB",Neutral,0.87,2110,Delhi,28.7041,77.1025
